epoch,wind_lull_mps,wind_avg_mps,wind_gust_mps,wind_dir_deg,air_temp_c,relative_humidity_pct,baro_pressure_mb,sea_level_pressure_mb,solar_radiation_wm2,uv_index,precip_mm,precip_type,lightning_avg_dist_km,lightning_count,battery_v,report_interval_min,local_day,local_minute,time_utc,wind_lull_mph,wind_avg_mph,wind_gust_mph,gust_factor
1765482600,0.0,1.3,3.9,76,3,1016.4,24.7,54,455262,1.88,3794,0.0,2,0,0,2.51,5,0.0,2025-12-11T19:50:00+00:00,0.0,2.9080171796707197,8.724051539012159,3.0
1765482900,0.0,0.6,3.0,197,3,1016.2,24.3,55,556766,2.31,4640,0.0,1,0,0,2.5,5,0.0,2025-12-11T19:55:00+00:00,0.0,1.3421617752326398,6.710808876163199,5.0
1765483200,0.2,1.4,3.0,257,6,1015.6,23.6,56,976876,4.05,8141,0.0,1,0,0,2.51,5,0.0,2025-12-11T20:00:00+00:00,0.44738725841088,3.1317108088761594,6.710808876163199,2.14
1765483500,0.1,1.5,2.9,198,6,1016.3,23.2,56,1892122,7.85,15768,0.233858,1,0,0,2.51,5,0.233858,2025-12-11T20:05:00+00:00,0.22369362920544,3.3554044380815995,6.487115246957759,1.93
1765483800,0.2,1.4,2.4,216,15,1015.8,23.1,55,1081951,4.48,9016,0.0,0,0,0,2.52,5,0.233858,2025-12-11T20:10:00+00:00,0.44738725841088,3.1317108088761594,5.368647100930559,1.71
1765484100,0.1,1.5,4.0,220,6,1015.8,22.9,56,1002144,4.15,8351,0.0,0,0,0,2.52,5,0.233858,2025-12-11T20:15:00+00:00,0.22369362920544,3.3554044380815995,8.9477451682176,2.67
1765484400,0.4,1.9,3.4,231,6,1015.8,23.0,55,909850,3.77,7582,0.0,0,0,0,2.52,5,0.233858,2025-12-11T20:20:00+00:00,0.89477451682176,4.250178954903359,7.6055833929849594,1.79
1765484700,0.5,2.0,5.2,316,6,1015.8,22.9,57,976113,4.04,8134,0.0,0,0,0,2.53,5,0.233858,2025-12-11T20:25:00+00:00,1.1184681460272,4.4738725841088,11.632068718682879,2.6
1765485000,0.7,2.1,3.6,309,6,1015.8,22.8,56,439144,1.82,3660,0.0,0,0,0,2.53,5,0.233858,2025-12-11T20:30:00+00:00,1.5658554044380797,4.69756621331424,8.052970651395839,1.71
1765485300,1.1,2.2,4.3,300,6,1015.6,22.5,57,341873,1.41,2849,0.0,0,0,0,2.52,5,0.233858,2025-12-11T20:35:00+00:00,2.46062992125984,4.92125984251968,9.61882605583392,1.95
1765485600,0.8,2.1,3.3,297,6,1015.6,22.3,57,385419,1.59,3212,0.0,0,0,0,2.53,5,0.233858,2025-12-11T20:40:00+00:00,1.78954903364352,4.69756621331424,7.381889763779519,1.57
1765485900,0.2,2.4,4.6,299,6,1015.7,22.4,56,590688,2.45,4922,0.0,0,0,0,2.53,5,0.233858,2025-12-11T20:45:00+00:00,0.44738725841088,5.368647100930559,10.289906943450239,1.92
1765486200,0.0,1.4,3.5,302,6,1015.7,22.6,55,376298,1.56,3136,0.0,0,0,0,2.54,5,0.233858,2025-12-11T20:50:00+00:00,0.0,3.1317108088761594,7.829277022190399,2.5
1765486500,0.4,1.7,3.8,283,6,1015.7,22.8,55,545834,2.26,4549,0.0,0,0,0,2.54,5,0.233858,2025-12-11T20:55:00+00:00,0.89477451682176,3.8027916964924797,8.500357909806718,2.24
1765486800,0.3,1.9,3.8,292,6,1015.7,22.8,55,433353,1.79,3611,0.0,0,0,0,2.54,5,0.233858,2025-12-11T21:00:00+00:00,0.6710808876163199,4.250178954903359,8.500357909806718,2.0
1765487100,0.9,2.3,4.4,279,6,1015.8,22.7,55,404152,1.67,3368,0.0,0,0,0,2.55,5,0.233858,2025-12-11T21:05:00+00:00,2.0132426628489597,5.1449534717251195,9.84251968503936,1.91
1765487400,0.5,1.9,3.1,295,6,1015.8,22.6,55,382882,1.58,3191,0.0,0,0,0,2.55,5,0.233858,2025-12-11T21:10:00+00:00,1.1184681460272,4.250178954903359,6.9345025053686395,1.63
1765487700,0.1,1.9,3.7,304,6,1015.9,22.4,56,325500,1.35,2713,0.0,0,0,0,2.55,5,0.233858,2025-12-11T21:15:00+00:00,0.22369362920544,4.250178954903359,8.27666428060128,1.95
1765488000,0.4,2.0,4.3,298,6,1016.0,22.3,56,222651,0.92,1855,0.0,0,0,0,2.55,5,0.233858,2025-12-11T21:20:00+00:00,0.89477451682176,4.4738725841088,9.61882605583392,2.15
1765488300,0.6,1.6,2.8,287,6,1016.1,22.2,57,270039,1.12,2250,0.0,0,0,0,2.55,5,0.233858,2025-12-11T21:25:00+00:00,1.3421617752326398,3.57909806728704,6.263421617752319,1.75
1765488600,0.5,1.7,3.2,295,6,1016.1,22.1,57,247502,1.02,2063,0.0,0,0,0,2.55,5,0.233858,2025-12-11T21:30:00+00:00,1.1184681460272,3.8027916964924797,7.15819613457408,1.88
1765488900,1.0,1.8,3.5,302,6,1016.1,22.0,57,215909,0.89,1799,0.0,0,0,0,2.55,5,0.233858,2025-12-11T21:35:00+00:00,2.2369362920544,4.026485325697919,7.829277022190399,1.94
1765489200,0.1,1.2,2.5,300,6,1016.1,22.0,57,195544,0.81,1630,0.0,0,0,0,2.55,5,0.233858,2025-12-11T21:40:00+00:00,0.22369362920544,2.6843235504652796,5.592340730136,2.08
1765489500,0.0,1.1,2.0,308,15,1016.2,22.0,58,167521,0.69,1396,0.0,0,0,0,2.55,5,0.233858,2025-12-11T21:45:00+00:00,0.0,2.46062992125984,4.4738725841088,1.82
1765489800,0.4,1.8,3.1,307,15,1016.2,21.9,58,142010,0.58,1183,0.0,0,0,0,2.55,5,0.233858,2025-12-11T21:50:00+00:00,0.89477451682176,4.026485325697919,6.9345025053686395,1.72
1765490100,0.0,0.8,1.5,294,15,1016.2,21.7,59,122186,0.5,1018,0.0,0,0,0,2.55,5,0.233858,2025-12-11T21:55:00+00:00,0.0,1.78954903364352,3.3554044380815995,1.88
1765490400,0.0,0.6,2.1,273,15,1016.3,21.6,60,104425,0.43,870,0.0,0,0,0,2.55,5,0.233858,2025-12-11T22:00:00+00:00,0.0,1.3421617752326398,4.69756621331424,3.5
1765490700,0.1,0.7,1.2,278,15,1016.3,21.2,61,85948,0.35,716,0.0,0,0,0,2.55,5,0.233858,2025-12-11T22:05:00+00:00,0.22369362920544,1.5658554044380797,2.6843235504652796,1.71
1765491000,0.0,0.6,1.4,284,15,1016.4,20.9,62,68310,0.28,569,0.0,0,0,0,2.55,5,0.233858,2025-12-11T22:10:00+00:00,0.0,1.3421617752326398,3.1317108088761594,2.33
1765491300,0.1,0.9,1.7,282,15,1016.5,20.5,63,51504,0.21,429,0.0,0,0,0,2.55,5,0.233858,2025-12-11T22:15:00+00:00,0.22369362920544,2.0132426628489597,3.8027916964924797,1.89
1765491600,0.1,0.8,1.2,291,15,1016.5,20.2,64,36491,0.15,304,0.0,0,0,0,2.55,5,0.233858,2025-12-11T22:20:00+00:00,0.22369362920544,1.78954903364352,2.6843235504652796,1.5
1765491900,0.1,0.6,1.1,281,15,1016.5,19.9,65,24024,0.09,200,0.0,0,0,0,2.55,5,0.233858,2025-12-11T22:25:00+00:00,0.22369362920544,1.3421617752326398,2.46062992125984,1.83
1765492200,0.0,0.5,1.3,293,15,1016.5,19.8,65,14203,0.05,118,0.0,0,0,0,2.55,5,0.233858,2025-12-11T22:30:00+00:00,0.0,1.1184681460272,2.9080171796707197,2.6
1765492500,0.0,0.2,0.6,292,15,1016.6,19.6,65,7261,0.03,61,0.0,0,0,0,2.55,5,0.233858,2025-12-11T22:35:00+00:00,0.0,0.44738725841088,1.3421617752326398,3.0
1765492800,0.0,0.3,0.9,297,15,1016.6,19.5,66,3023,0.01,25,0.0,0,0,0,2.55,5,0.233858,2025-12-11T22:40:00+00:00,0.0,0.6710808876163199,2.0132426628489597,3.0
1765493100,0.0,0.2,0.8,307,15,1016.7,19.4,67,1005,0.0,8,0.0,0,0,0,2.55,5,0.233858,2025-12-11T22:45:00+00:00,0.0,0.44738725841088,1.78954903364352,4.0
1765493400,0.0,0.4,0.9,346,15,1016.8,19.3,67,268,0.0,2,0.0,0,0,0,2.55,5,0.233858,2025-12-11T22:50:00+00:00,0.0,0.89477451682176,2.0132426628489597,2.25
1765493700,0.0,0.2,0.7,308,15,1016.8,19.1,68,87,0.0,1,0.0,0,0,0,2.55,5,0.233858,2025-12-11T22:55:00+00:00,0.0,0.44738725841088,1.5658554044380797,3.5
1765494000,0.0,0.0,0.1,32,15,1016.9,18.9,69,29,0.0,0,0.0,0,0,0,2.55,5,0.233858,2025-12-11T23:00:00+00:00,0.0,0.0,0.22369362920544,
1765494300,0.0,0.0,0.0,0,15,1016.9,18.5,70,29,0.0,0,0.0,0,0,0,2.55,5,0.233858,2025-12-11T23:05:00+00:00,0.0,0.0,0.0,
1765494600,0.0,0.1,0.5,45,15,1017.0,18.2,72,29,0.0,0,0.0,0,0,0,2.55,5,0.233858,2025-12-11T23:10:00+00:00,0.0,0.22369362920544,1.1184681460272,5.0
1765494900,0.0,0.0,0.0,0,15,1017.0,17.9,73,29,0.0,0,0.0,0,0,0,2.55,5,0.233858,2025-12-11T23:15:00+00:00,0.0,0.0,0.0,
1765495200,0.0,0.0,0.2,35,15,1017.0,17.7,74,0,0.0,0,0.0,0,0,0,2.55,5,0.233858,2025-12-11T23:20:00+00:00,0.0,0.0,0.44738725841088,
1765495500,0.0,0.0,0.0,0,15,1017.1,17.4,74,0,0.0,0,0.0,0,0,0,2.55,5,0.233858,2025-12-11T23:25:00+00:00,0.0,0.0,0.0,
1765495800,0.0,0.0,0.0,0,15,1017.2,17.2,76,0,0.0,0,0.0,0,0,0,2.55,5,0.233858,2025-12-11T23:30:00+00:00,0.0,0.0,0.0,
1765496100,0.0,0.0,0.0,0,15,1017.2,17.0,76,0,0.0,0,0.0,0,0,0,2.55,5,0.233858,2025-12-11T23:35:00+00:00,0.0,0.0,0.0,
1765496400,0.0,0.1,0.4,314,15,1017.3,16.9,77,0,0.0,0,0.0,0,0,0,2.55,5,0.233858,2025-12-11T23:40:00+00:00,0.0,0.22369362920544,0.89477451682176,4.0
1765496700,0.0,0.0,0.0,0,15,1017.3,16.8,78,0,0.0,0,0.0,0,0,0,2.55,5,0.233858,2025-12-11T23:45:00+00:00,0.0,0.0,0.0,
1765497000,0.0,0.0,0.0,0,15,1017.4,16.6,79,0,0.0,0,0.0,0,0,0,2.55,5,0.233858,2025-12-11T23:50:00+00:00,0.0,0.0,0.0,
1765497300,0.0,0.0,0.0,0,15,1017.4,16.4,79,0,0.0,0,0.0,0,0,0,2.55,5,0.233858,2025-12-11T23:55:00+00:00,0.0,0.0,0.0,
1765497600,0.0,0.1,0.5,330,15,1017.4,16.2,80,0,0.0,0,0.0,0,0,0,2.55,5,0.233858,2025-12-12T00:00:00+00:00,0.0,0.22369362920544,1.1184681460272,5.0
1765497900,0.0,0.2,0.6,345,15,1017.4,16.2,80,0,0.0,0,0.0,0,0,0,2.55,5,0.233858,2025-12-12T00:05:00+00:00,0.0,0.44738725841088,1.3421617752326398,3.0
1765498200,0.0,0.2,0.8,334,15,1017.4,16.2,80,0,0.0,0,0.0,0,0,0,2.55,5,0.233858,2025-12-12T00:10:00+00:00,0.0,0.44738725841088,1.78954903364352,4.0
1765498500,0.1,0.8,1.2,15,15,1017.5,16.4,78,0,0.0,0,0.0,0,0,0,2.55,5,0.233858,2025-12-12T00:15:00+00:00,0.22369362920544,1.78954903364352,2.6843235504652796,1.5
1765498800,0.3,0.7,1.0,23,15,1017.5,16.7,77,0,0.0,0,0.0,0,0,0,2.55,5,0.233858,2025-12-12T00:20:00+00:00,0.6710808876163199,1.5658554044380797,2.2369362920544,1.43
1765499100,0.0,0.4,0.8,21,15,1017.6,16.7,78,0,0.0,0,0.0,0,0,0,2.55,5,0.233858,2025-12-12T00:25:00+00:00,0.0,0.89477451682176,1.78954903364352,2.0
1765499400,0.0,0.2,0.8,17,15,1017.7,16.6,79,0,0.0,0,0.0,0,0,0,2.55,5,0.233858,2025-12-12T00:30:00+00:00,0.0,0.44738725841088,1.78954903364352,4.0
1765499700,0.0,0.2,1.0,8,15,1017.7,16.6,79,0,0.0,0,0.0,0,0,0,2.55,5,0.233858,2025-12-12T00:35:00+00:00,0.0,0.44738725841088,2.2369362920544,5.0
1765500000,0.0,0.0,0.1,9,15,1017.7,16.6,79,0,0.0,0,0.0,0,0,0,2.55,5,0.233858,2025-12-12T00:40:00+00:00,0.0,0.0,0.22369362920544,
1765500300,0.0,0.0,0.1,23,15,1017.8,16.6,79,0,0.0,0,0.0,0,0,0,2.55,5,0.233858,2025-12-12T00:45:00+00:00,0.0,0.0,0.22369362920544,
1765500600,0.0,0.0,0.0,0,15,1017.9,16.4,80,0,0.0,0,0.0,0,0,0,2.55,5,0.233858,2025-12-12T00:50:00+00:00,0.0,0.0,0.0,
1765500900,0.0,0.0,0.0,0,15,1017.9,16.3,81,0,0.0,0,0.0,0,0,0,2.55,5,0.233858,2025-12-12T00:55:00+00:00,0.0,0.0,0.0,
1765501200,0.0,0.0,0.0,0,15,1017.9,16.2,82,0,0.0,0,0.0,0,0,0,2.55,5,0.233858,2025-12-12T01:00:00+00:00,0.0,0.0,0.0,
1765501500,0.0,0.0,0.0,0,15,1017.9,16.0,83,0,0.0,0,0.0,0,0,0,2.55,5,0.233858,2025-12-12T01:05:00+00:00,0.0,0.0,0.0,
1765501800,0.0,0.0,0.0,0,15,1018.0,15.8,84,0,0.0,0,0.0,0,0,0,2.55,5,0.233858,2025-12-12T01:10:00+00:00,0.0,0.0,0.0,
1765502100,0.0,0.0,0.0,0,15,1018.1,15.6,84,0,0.0,0,0.0,0,0,0,2.55,5,0.233858,2025-12-12T01:15:00+00:00,0.0,0.0,0.0,
1765502400,0.0,0.0,0.0,0,15,1018.2,15.6,84,0,0.0,0,0.0,0,0,0,2.55,5,0.233858,2025-12-12T01:20:00+00:00,0.0,0.0,0.0,
1765502700,0.0,0.1,0.4,326,15,1018.2,15.6,83,0,0.0,0,0.0,0,0,0,2.55,5,0.233858,2025-12-12T01:25:00+00:00,0.0,0.22369362920544,0.89477451682176,4.0
1765503000,0.0,0.2,0.7,321,15,1018.2,15.6,84,0,0.0,0,0.0,0,0,0,2.55,5,0.233858,2025-12-12T01:30:00+00:00,0.0,0.44738725841088,1.5658554044380797,3.5
1765503300,0.1,0.5,0.8,333,15,1018.3,15.8,82,0,0.0,0,0.0,0,0,0,2.55,5,0.233858,2025-12-12T01:35:00+00:00,0.22369362920544,1.1184681460272,1.78954903364352,1.6
1765503600,0.0,0.5,1.1,13,15,1018.2,16.1,81,0,0.0,0,0.0,0,0,0,2.55,5,0.233858,2025-12-12T01:40:00+00:00,0.0,1.1184681460272,2.46062992125984,2.2
1765503900,0.1,0.6,1.0,41,15,1018.2,16.3,81,0,0.0,0,0.0,0,0,0,2.55,5,0.233858,2025-12-12T01:45:00+00:00,0.22369362920544,1.3421617752326398,2.2369362920544,1.67
1765504200,0.1,0.7,1.0,13,15,1018.2,16.4,80,0,0.0,0,0.0,0,0,0,2.55,5,0.233858,2025-12-12T01:50:00+00:00,0.22369362920544,1.5658554044380797,2.2369362920544,1.43
1765504500,0.0,0.1,0.8,8,15,1018.3,16.5,80,0,0.0,0,0.0,0,0,0,2.55,5,0.233858,2025-12-12T01:55:00+00:00,0.0,0.22369362920544,1.78954903364352,8.0
1765504800,0.0,0.2,0.9,24,15,1018.3,16.5,81,0,0.0,0,0.0,0,0,0,2.55,5,0.233858,2025-12-12T02:00:00+00:00,0.0,0.44738725841088,2.0132426628489597,4.5
1765505100,0.0,0.3,0.6,23,15,1018.3,16.4,81,0,0.0,0,0.0,0,0,0,2.55,5,0.233858,2025-12-12T02:05:00+00:00,0.0,0.6710808876163199,1.3421617752326398,2.0
1765505400,0.0,0.4,0.9,4,15,1018.4,16.3,82,0,0.0,0,0.0,0,0,0,2.55,5,0.233858,2025-12-12T02:10:00+00:00,0.0,0.89477451682176,2.0132426628489597,2.25
1765505700,0.0,0.1,0.4,27,15,1018.4,16.2,82,0,0.0,0,0.0,0,0,0,2.55,5,0.233858,2025-12-12T02:15:00+00:00,0.0,0.22369362920544,0.89477451682176,4.0
1765506000,0.0,0.1,0.6,341,15,1018.4,16.1,82,0,0.0,0,0.0,0,0,0,2.55,5,0.233858,2025-12-12T02:20:00+00:00,0.0,0.22369362920544,1.3421617752326398,6.0
1765506300,0.0,0.1,0.7,8,15,1018.5,16.1,83,0,0.0,0,0.0,0,0,0,2.55,5,0.233858,2025-12-12T02:25:00+00:00,0.0,0.22369362920544,1.5658554044380797,7.0
1765506600,0.0,0.0,0.0,0,15,1018.5,15.8,84,0,0.0,0,0.0,0,0,0,2.55,5,0.233858,2025-12-12T02:30:00+00:00,0.0,0.0,0.0,
1765506900,0.0,0.0,0.0,0,15,1018.7,15.6,84,0,0.0,0,0.0,0,0,0,2.55,5,0.233858,2025-12-12T02:35:00+00:00,0.0,0.0,0.0,
1765507200,0.0,0.0,0.0,0,15,1018.8,15.3,85,0,0.0,0,0.0,0,0,0,2.55,5,0.233858,2025-12-12T02:40:00+00:00,0.0,0.0,0.0,
1765507500,0.0,0.0,0.2,0,15,1018.7,15.1,86,0,0.0,0,0.0,0,0,0,2.55,5,0.233858,2025-12-12T02:45:00+00:00,0.0,0.0,0.44738725841088,
1765507800,0.0,0.0,0.0,357,15,1018.8,15.0,86,0,0.0,0,0.0,0,0,0,2.55,5,0.233858,2025-12-12T02:50:00+00:00,0.0,0.0,0.0,
1765508100,0.0,0.1,0.7,329,15,1018.8,15.0,85,0,0.0,0,0.0,0,0,0,2.55,5,0.233858,2025-12-12T02:55:00+00:00,0.0,0.22369362920544,1.5658554044380797,7.0
1765508400,0.0,0.0,0.0,0,15,1018.8,15.1,86,0,0.0,0,0.0,0,0,0,2.55,5,0.233858,2025-12-12T03:00:00+00:00,0.0,0.0,0.0,
1765508700,0.0,0.1,0.6,20,15,1018.8,15.1,85,0,0.0,0,0.0,0,0,0,2.55,5,0.233858,2025-12-12T03:05:00+00:00,0.0,0.22369362920544,1.3421617752326398,6.0
1765509000,0.0,0.0,0.0,0,15,1018.8,15.0,85,0,0.0,0,0.0,0,0,0,2.55,5,0.233858,2025-12-12T03:10:00+00:00,0.0,0.0,0.0,
1765509300,0.0,0.0,0.0,0,15,1018.8,14.9,86,0,0.0,0,0.0,0,0,0,2.55,5,0.233858,2025-12-12T03:15:00+00:00,0.0,0.0,0.0,
1765509600,0.0,0.0,0.0,0,15,1018.9,14.7,86,0,0.0,0,0.0,0,0,0,2.55,5,0.233858,2025-12-12T03:20:00+00:00,0.0,0.0,0.0,
1765509900,0.0,0.2,0.7,326,15,1018.8,14.5,87,0,0.0,0,0.0,0,0,0,2.55,5,0.233858,2025-12-12T03:25:00+00:00,0.0,0.44738725841088,1.5658554044380797,3.5
1765510200,0.0,0.2,0.6,325,15,1018.9,14.5,87,0,0.0,0,0.0,0,0,0,2.55,5,0.233858,2025-12-12T03:30:00+00:00,0.0,0.44738725841088,1.3421617752326398,3.0
1765510500,0.0,0.0,0.0,0,15,1018.8,14.3,88,0,0.0,0,0.0,0,0,0,2.55,5,0.233858,2025-12-12T03:35:00+00:00,0.0,0.0,0.0,
1765510800,0.0,0.0,0.0,0,15,1018.8,14.2,89,0,0.0,0,0.0,0,0,0,2.55,5,0.233858,2025-12-12T03:40:00+00:00,0.0,0.0,0.0,
1765511100,0.0,0.0,0.0,0,15,1018.8,14.1,89,0,0.0,0,0.0,0,0,0,2.55,5,0.233858,2025-12-12T03:45:00+00:00,0.0,0.0,0.0,
1765511400,0.0,0.0,0.0,0,15,1018.8,14.0,89,0,0.0,0,0.0,0,0,0,2.55,5,0.233858,2025-12-12T03:50:00+00:00,0.0,0.0,0.0,
1765511700,0.0,0.0,0.0,0,15,1018.7,13.9,89,0,0.0,0,0.0,0,0,0,2.55,5,0.233858,2025-12-12T03:55:00+00:00,0.0,0.0,0.0,
1765512000,0.0,0.0,0.0,0,15,1018.7,13.8,89,0,0.0,0,0.0,0,0,0,2.55,5,0.233858,2025-12-12T04:00:00+00:00,0.0,0.0,0.0,
1765512300,0.0,0.0,0.0,0,15,1018.7,13.7,89,0,0.0,0,0.0,0,0,0,2.55,5,0.233858,2025-12-12T04:05:00+00:00,0.0,0.0,0.0,
1765512600,0.0,0.0,0.0,0,15,1018.7,13.6,90,0,0.0,0,0.0,0,0,0,2.55,5,0.233858,2025-12-12T04:10:00+00:00,0.0,0.0,0.0,
1765512900,0.0,0.0,0.1,311,15,1018.7,13.6,90,0,0.0,0,0.0,0,0,0,2.55,5,0.233858,2025-12-12T04:15:00+00:00,0.0,0.0,0.22369362920544,
1765513200,0.0,0.0,0.0,0,15,1018.8,13.5,90,0,0.0,0,0.0,0,0,0,2.55,5,0.233858,2025-12-12T04:20:00+00:00,0.0,0.0,0.0,
1765513500,0.0,0.0,0.0,0,15,1018.8,13.5,90,0,0.0,0,0.0,0,0,0,2.55,5,0.233858,2025-12-12T04:25:00+00:00,0.0,0.0,0.0,
1765513800,0.0,0.0,0.0,0,15,1018.7,13.4,90,0,0.0,0,0.0,0,0,0,2.55,5,0.233858,2025-12-12T04:30:00+00:00,0.0,0.0,0.0,
1765514100,0.0,0.0,0.0,0,15,1018.6,13.4,90,0,0.0,0,0.0,0,0,0,2.55,5,0.233858,2025-12-12T04:35:00+00:00,0.0,0.0,0.0,
1765514400,0.0,0.0,0.0,0,15,1018.5,13.2,90,0,0.0,0,0.0,0,0,0,2.55,5,0.233858,2025-12-12T04:40:00+00:00,0.0,0.0,0.0,
1765514700,0.0,0.0,0.0,0,15,1018.5,13.2,90,0,0.0,0,0.0,0,0,0,2.55,5,0.233858,2025-12-12T04:45:00+00:00,0.0,0.0,0.0,
1765515000,0.0,0.0,0.0,0,15,1018.5,13.2,90,0,0.0,0,0.0,0,0,0,2.55,5,0.233858,2025-12-12T04:50:00+00:00,0.0,0.0,0.0,
1765515300,0.0,0.0,0.0,0,15,1018.4,13.2,90,0,0.0,0,0.0,0,0,0,2.55,5,0.233858,2025-12-12T04:55:00+00:00,0.0,0.0,0.0,
1765515900,0.0,0.2,0.6,323,15,1018.3,13.2,90,0,0.0,0,0.0,0,0,0,2.55,5,0.0,2025-12-12T05:05:00+00:00,0.0,0.44738725841088,1.3421617752326398,3.0
1765516200,0.0,0.1,0.5,228,15,1018.3,13.2,90,0,0.0,0,0.0,0,0,0,2.55,5,0.0,2025-12-12T05:10:00+00:00,0.0,0.22369362920544,1.1184681460272,5.0
1765516500,0.0,0.0,0.0,0,15,1018.3,13.2,89,0,0.0,0,0.0,0,0,0,2.55,5,0.0,2025-12-12T05:15:00+00:00,0.0,0.0,0.0,
1765516800,0.0,0.0,0.0,0,15,1018.3,13.0,89,0,0.0,0,0.0,0,0,0,2.55,5,0.0,2025-12-12T05:20:00+00:00,0.0,0.0,0.0,
1765517100,0.0,0.0,0.0,0,15,1018.2,12.9,90,0,0.0,0,0.0,0,0,0,2.55,5,0.0,2025-12-12T05:25:00+00:00,0.0,0.0,0.0,
1765517400,0.0,0.0,0.3,285,15,1018.2,12.9,90,0,0.0,0,0.0,0,0,0,2.55,5,0.0,2025-12-12T05:30:00+00:00,0.0,0.0,0.6710808876163199,
1765517700,0.0,0.1,0.9,255,15,1018.2,12.9,90,0,0.0,0,0.0,0,0,0,2.55,5,0.0,2025-12-12T05:35:00+00:00,0.0,0.22369362920544,2.0132426628489597,9.0
1765518000,0.0,0.0,0.0,0,15,1018.1,12.8,90,0,0.0,0,0.0,0,0,0,2.55,5,0.0,2025-12-12T05:40:00+00:00,0.0,0.0,0.0,
1765518300,0.0,0.0,0.0,0,15,1018.1,12.7,90,0,0.0,0,0.0,0,0,0,2.55,5,0.0,2025-12-12T05:45:00+00:00,0.0,0.0,0.0,
1765518600,0.0,0.0,0.0,0,15,1018.1,12.7,90,0,0.0,0,0.0,0,0,0,2.55,5,0.0,2025-12-12T05:50:00+00:00,0.0,0.0,0.0,
1765518900,0.0,0.0,0.0,0,15,1018.2,12.6,90,0,0.0,0,0.0,0,0,0,2.55,5,0.0,2025-12-12T05:55:00+00:00,0.0,0.0,0.0,
1765519200,0.0,0.0,0.0,0,15,1018.1,12.6,90,0,0.0,0,0.0,0,0,0,2.55,5,0.0,2025-12-12T06:00:00+00:00,0.0,0.0,0.0,
1765519500,0.0,0.4,0.7,309,15,1018.1,12.6,90,0,0.0,0,0.0,0,0,0,2.55,5,0.0,2025-12-12T06:05:00+00:00,0.0,0.89477451682176,1.5658554044380797,1.75
1765519800,0.0,0.1,0.5,306,15,1018.1,12.5,90,0,0.0,0,0.0,0,0,0,2.55,5,0.0,2025-12-12T06:10:00+00:00,0.0,0.22369362920544,1.1184681460272,5.0
1765520100,0.0,0.0,0.0,0,15,1018.1,12.4,90,0,0.0,0,0.0,0,0,0,2.55,5,0.0,2025-12-12T06:15:00+00:00,0.0,0.0,0.0,
1765520400,0.0,0.0,0.0,0,15,1018.1,12.3,90,0,0.0,0,0.0,0,0,0,2.55,5,0.0,2025-12-12T06:20:00+00:00,0.0,0.0,0.0,
1765520700,0.0,0.0,0.0,0,15,1018.1,12.2,90,0,0.0,0,0.0,0,0,0,2.55,5,0.0,2025-12-12T06:25:00+00:00,0.0,0.0,0.0,
1765521000,0.0,0.0,0.0,0,15,1018.1,12.0,90,0,0.0,0,0.0,0,0,0,2.55,5,0.0,2025-12-12T06:30:00+00:00,0.0,0.0,0.0,
1765521300,0.0,0.0,0.2,286,15,1018.0,12.0,90,0,0.0,0,0.0,0,0,0,2.55,5,0.0,2025-12-12T06:35:00+00:00,0.0,0.0,0.44738725841088,
1765521600,0.0,0.0,0.0,0,15,1018.1,12.1,90,0,0.0,0,0.0,0,0,0,2.55,5,0.0,2025-12-12T06:40:00+00:00,0.0,0.0,0.0,
1765521900,0.0,0.1,0.4,220,15,1018.1,12.2,90,0,0.0,0,0.0,0,0,0,2.55,5,0.0,2025-12-12T06:45:00+00:00,0.0,0.22369362920544,0.89477451682176,4.0
1765522200,0.0,0.1,0.4,270,15,1018.1,12.2,90,0,0.0,0,0.0,0,0,0,2.55,5,0.0,2025-12-12T06:50:00+00:00,0.0,0.22369362920544,0.89477451682176,4.0
1765522500,0.0,0.0,0.0,0,15,1018.1,12.1,90,0,0.0,0,0.0,0,0,0,2.55,5,0.0,2025-12-12T06:55:00+00:00,0.0,0.0,0.0,
1765522800,0.0,0.0,0.0,0,15,1018.0,12.1,90,0,0.0,0,0.0,0,0,0,2.55,5,0.0,2025-12-12T07:00:00+00:00,0.0,0.0,0.0,
1765523100,0.0,0.0,0.0,0,15,1018.0,12.0,91,0,0.0,0,0.0,0,0,0,2.55,5,0.0,2025-12-12T07:05:00+00:00,0.0,0.0,0.0,
1765523400,0.0,0.0,0.0,0,15,1018.0,12.0,91,0,0.0,0,0.0,0,0,0,2.55,5,0.0,2025-12-12T07:10:00+00:00,0.0,0.0,0.0,
1765523700,0.0,0.0,0.0,0,15,1017.9,11.9,91,0,0.0,0,0.0,0,0,0,2.55,5,0.0,2025-12-12T07:15:00+00:00,0.0,0.0,0.0,
1765524000,0.0,0.0,0.0,0,15,1018.0,11.8,91,0,0.0,0,0.0,0,0,0,2.55,5,0.0,2025-12-12T07:20:00+00:00,0.0,0.0,0.0,
1765524300,0.0,0.0,0.0,0,15,1017.9,11.8,91,0,0.0,0,0.0,0,0,0,2.55,5,0.0,2025-12-12T07:25:00+00:00,0.0,0.0,0.0,
1765524600,0.0,0.2,0.7,316,15,1017.8,11.9,91,0,0.0,0,0.0,0,0,0,2.55,5,0.0,2025-12-12T07:30:00+00:00,0.0,0.44738725841088,1.5658554044380797,3.5
1765524900,0.0,0.3,0.7,320,15,1017.8,12.0,91,0,0.0,0,0.0,0,0,0,2.55,5,0.0,2025-12-12T07:35:00+00:00,0.0,0.6710808876163199,1.5658554044380797,2.33
1765525200,0.0,0.0,0.0,0,15,1017.6,12.0,91,0,0.0,0,0.0,0,0,0,2.55,5,0.0,2025-12-12T07:40:00+00:00,0.0,0.0,0.0,
1765525500,0.0,0.2,0.7,314,15,1017.6,11.9,91,0,0.0,0,0.0,0,0,0,2.55,5,0.0,2025-12-12T07:45:00+00:00,0.0,0.44738725841088,1.5658554044380797,3.5
1765525800,0.0,0.0,0.0,0,15,1017.6,11.9,91,0,0.0,0,0.0,0,0,0,2.55,5,0.0,2025-12-12T07:50:00+00:00,0.0,0.0,0.0,
1765526100,0.0,0.0,0.0,0,15,1017.5,11.8,91,0,0.0,0,0.0,0,0,0,2.55,5,0.0,2025-12-12T07:55:00+00:00,0.0,0.0,0.0,
1765526400,0.0,0.0,0.0,0,15,1017.5,11.7,91,0,0.0,0,0.0,0,0,0,2.55,5,0.0,2025-12-12T08:00:00+00:00,0.0,0.0,0.0,
1765526700,0.0,0.0,0.0,0,15,1017.5,11.6,91,0,0.0,0,0.0,0,0,0,2.55,5,0.0,2025-12-12T08:05:00+00:00,0.0,0.0,0.0,
1765527000,0.0,0.0,0.0,0,15,1016.8,11.6,91,0,0.0,0,0.0,0,0,0,2.55,5,0.0,2025-12-12T08:10:00+00:00,0.0,0.0,0.0,
1765527300,0.0,0.0,0.0,0,15,1016.7,11.5,91,0,0.0,0,0.0,0,0,0,2.55,5,0.0,2025-12-12T08:15:00+00:00,0.0,0.0,0.0,
1765527600,0.0,0.0,0.0,0,15,1016.8,11.6,91,0,0.0,0,0.0,0,0,0,2.55,5,0.0,2025-12-12T08:20:00+00:00,0.0,0.0,0.0,
1765527900,0.0,0.0,0.0,0,15,1016.9,11.6,91,0,0.0,0,0.0,0,0,0,2.55,5,0.0,2025-12-12T08:25:00+00:00,0.0,0.0,0.0,
1765528200,0.0,0.0,0.0,0,15,1016.9,11.4,91,0,0.0,0,0.0,0,0,0,2.55,5,0.0,2025-12-12T08:30:00+00:00,0.0,0.0,0.0,
1765528500,0.0,0.0,0.0,0,15,1017.0,11.3,91,0,0.0,0,0.0,0,0,0,2.55,5,0.0,2025-12-12T08:35:00+00:00,0.0,0.0,0.0,
1765528800,0.0,0.0,0.0,0,15,1016.9,11.3,91,0,0.0,0,0.0,0,0,0,2.55,5,0.0,2025-12-12T08:40:00+00:00,0.0,0.0,0.0,
1765529100,0.0,0.0,0.0,0,15,1016.9,11.3,91,0,0.0,0,0.0,0,0,0,2.55,5,0.0,2025-12-12T08:45:00+00:00,0.0,0.0,0.0,
1765529400,0.0,0.0,0.0,0,15,1016.9,11.3,91,0,0.0,0,0.0,0,0,0,2.55,5,0.0,2025-12-12T08:50:00+00:00,0.0,0.0,0.0,
1765529700,0.0,0.0,0.5,305,15,1017.0,11.3,91,0,0.0,0,0.0,0,0,0,2.55,5,0.0,2025-12-12T08:55:00+00:00,0.0,0.0,1.1184681460272,
1765530000,0.0,0.0,0.0,0,15,1017.0,11.2,91,0,0.0,0,0.0,0,0,0,2.54,5,0.0,2025-12-12T09:00:00+00:00,0.0,0.0,0.0,
1765530300,0.0,0.3,0.7,324,15,1017.1,11.3,91,0,0.0,0,0.0,0,0,0,2.55,5,0.0,2025-12-12T09:05:00+00:00,0.0,0.6710808876163199,1.5658554044380797,2.33
1765530600,0.0,0.2,0.7,332,15,1017.1,11.3,91,0,0.0,0,0.0,0,0,0,2.55,5,0.0,2025-12-12T09:10:00+00:00,0.0,0.44738725841088,1.5658554044380797,3.5
1765530900,0.0,0.0,0.0,0,15,1017.1,11.2,91,0,0.0,0,0.0,0,0,0,2.55,5,0.0,2025-12-12T09:15:00+00:00,0.0,0.0,0.0,
1765531200,0.0,0.0,0.0,0,15,1017.1,11.1,91,0,0.0,0,0.0,0,0,0,2.55,5,0.0,2025-12-12T09:20:00+00:00,0.0,0.0,0.0,
1765531500,0.0,0.0,0.0,0,15,1017.2,11.2,91,0,0.0,0,0.0,0,0,0,2.55,5,0.0,2025-12-12T09:25:00+00:00,0.0,0.0,0.0,
1765531800,0.0,0.0,0.0,0,15,1017.2,11.2,91,0,0.0,0,0.0,0,0,0,2.55,5,0.0,2025-12-12T09:30:00+00:00,0.0,0.0,0.0,
1765532100,0.0,0.0,0.0,0,15,1017.1,11.2,91,0,0.0,0,0.0,0,0,0,2.55,5,0.0,2025-12-12T09:35:00+00:00,0.0,0.0,0.0,
1765532400,0.0,0.0,0.0,0,15,1017.2,11.1,91,0,0.0,0,0.0,0,0,0,2.55,5,0.0,2025-12-12T09:40:00+00:00,0.0,0.0,0.0,
1765532700,0.0,0.0,0.0,0,15,1017.2,11.0,91,0,0.0,0,0.0,0,0,0,2.55,5,0.0,2025-12-12T09:45:00+00:00,0.0,0.0,0.0,
1765533000,0.0,0.0,0.0,0,15,1017.2,11.1,91,0,0.0,0,0.0,0,0,0,2.55,5,0.0,2025-12-12T09:50:00+00:00,0.0,0.0,0.0,
1765533300,0.0,0.0,0.0,0,15,1017.2,11.1,91,0,0.0,0,0.0,0,0,0,2.54,5,0.0,2025-12-12T09:55:00+00:00,0.0,0.0,0.0,
1765533600,0.0,0.1,0.4,303,15,1017.3,11.1,91,0,0.0,0,0.0,0,0,0,2.55,5,0.0,2025-12-12T10:00:00+00:00,0.0,0.22369362920544,0.89477451682176,4.0
1765533900,0.0,0.0,0.0,0,15,1017.3,11.0,91,0,0.0,0,0.0,0,0,0,2.55,5,0.0,2025-12-12T10:05:00+00:00,0.0,0.0,0.0,
1765534200,0.0,0.1,0.6,318,15,1017.3,11.0,91,0,0.0,0,0.0,0,0,0,2.55,5,0.0,2025-12-12T10:10:00+00:00,0.0,0.22369362920544,1.3421617752326398,6.0
1765534500,0.0,0.4,0.9,323,15,1017.4,11.2,91,0,0.0,0,0.0,0,0,0,2.55,5,0.0,2025-12-12T10:15:00+00:00,0.0,0.89477451682176,2.0132426628489597,2.25
1765534800,0.0,0.0,0.1,285,15,1017.4,11.1,91,0,0.0,0,0.0,0,0,0,2.55,5,0.0,2025-12-12T10:20:00+00:00,0.0,0.0,0.22369362920544,
1765535100,0.0,0.0,0.0,0,15,1017.4,11.1,91,0,0.0,0,0.0,0,0,0,2.55,5,0.0,2025-12-12T10:25:00+00:00,0.0,0.0,0.0,
1765535400,0.0,0.0,0.1,303,15,1017.4,11.0,91,0,0.0,0,0.0,0,0,0,2.55,5,0.0,2025-12-12T10:30:00+00:00,0.0,0.0,0.22369362920544,
1765535700,0.0,0.0,0.2,301,15,1017.4,11.0,91,0,0.0,0,0.0,0,0,0,2.55,5,0.0,2025-12-12T10:35:00+00:00,0.0,0.0,0.44738725841088,
1765536000,0.0,0.0,0.2,256,15,1017.4,11.0,91,0,0.0,0,0.0,0,0,0,2.55,5,0.0,2025-12-12T10:40:00+00:00,0.0,0.0,0.44738725841088,
1765536300,0.0,0.0,0.0,0,15,1017.4,10.9,91,0,0.0,0,0.0,0,0,0,2.55,5,0.0,2025-12-12T10:45:00+00:00,0.0,0.0,0.0,
1765536600,0.0,0.0,0.4,40,15,1017.5,10.8,91,0,0.0,0,0.0,0,0,0,2.55,5,0.0,2025-12-12T10:50:00+00:00,0.0,0.0,0.89477451682176,
1765536900,0.0,0.0,0.0,0,15,1017.6,10.8,91,0,0.0,0,0.0,0,0,0,2.55,5,0.0,2025-12-12T10:55:00+00:00,0.0,0.0,0.0,
1765537200,0.0,0.0,0.0,0,15,1017.6,10.8,91,0,0.0,0,0.0,0,0,0,2.55,5,0.0,2025-12-12T11:00:00+00:00,0.0,0.0,0.0,
1765537500,0.0,0.0,0.2,305,15,1017.7,10.8,91,0,0.0,0,0.0,0,0,0,2.55,5,0.0,2025-12-12T11:05:00+00:00,0.0,0.0,0.44738725841088,
1765537800,0.0,0.0,0.0,0,15,1017.7,10.8,91,29,0.0,0,0.0,0,0,0,2.55,5,0.0,2025-12-12T11:10:00+00:00,0.0,0.0,0.0,
1765538100,0.0,0.0,0.0,0,15,1017.8,10.8,91,29,0.0,0,0.0,0,0,0,2.55,5,0.0,2025-12-12T11:15:00+00:00,0.0,0.0,0.0,
1765538400,0.0,0.1,0.6,312,15,1017.8,10.8,91,29,0.0,0,0.0,0,0,0,2.55,5,0.0,2025-12-12T11:20:00+00:00,0.0,0.22369362920544,1.3421617752326398,6.0
1765538700,0.0,0.0,0.2,309,15,1017.8,10.7,91,29,0.0,0,0.0,0,0,0,2.54,5,0.0,2025-12-12T11:25:00+00:00,0.0,0.0,0.44738725841088,
1765539000,0.0,0.1,0.7,312,15,1017.8,10.6,91,58,0.0,0,0.0,0,0,0,2.54,5,0.0,2025-12-12T11:30:00+00:00,0.0,0.22369362920544,1.5658554044380797,7.0
1765539300,0.0,0.0,0.0,0,15,1017.9,10.5,91,101,0.0,1,0.0,0,0,0,2.55,5,0.0,2025-12-12T11:35:00+00:00,0.0,0.0,0.0,
1765539600,0.0,0.0,0.0,0,15,1018.0,10.5,91,391,0.0,3,0.0,0,0,0,2.55,5,0.0,2025-12-12T11:40:00+00:00,0.0,0.0,0.0,
1765539900,0.0,0.0,0.0,0,15,1018.0,10.4,91,1280,0.0,11,0.0,0,0,0,2.55,5,0.0,2025-12-12T11:45:00+00:00,0.0,0.0,0.0,
1765540200,0.0,0.0,0.0,0,15,1018.0,10.5,91,3594,0.01,30,0.0,0,0,0,2.55,5,0.0,2025-12-12T11:50:00+00:00,0.0,0.0,0.0,
1765540500,0.0,0.0,0.4,307,15,1018.0,10.5,91,8215,0.03,68,0.0,0,0,0,2.55,5,0.0,2025-12-12T11:55:00+00:00,0.0,0.0,0.89477451682176,
1765540800,0.0,0.0,0.0,0,15,1018.1,10.5,91,15208,0.06,127,0.0,0,0,0,2.55,5,0.0,2025-12-12T12:00:00+00:00,0.0,0.0,0.0,
1765541100,0.0,0.0,0.0,0,15,1018.2,10.4,91,25477,0.1,212,0.0,0,0,0,2.55,5,0.0,2025-12-12T12:05:00+00:00,0.0,0.0,0.0,
1765541400,0.0,0.0,0.0,0,15,1018.2,10.3,91,37901,0.15,316,0.0,0,0,0,2.55,5,0.0,2025-12-12T12:10:00+00:00,0.0,0.0,0.0,
1765541700,0.0,0.0,0.0,0,15,1018.3,10.3,91,57275,0.23,477,0.0,0,0,0,2.55,5,0.0,2025-12-12T12:15:00+00:00,0.0,0.0,0.0,
1765542000,0.0,0.0,0.0,0,15,1018.4,10.4,91,77024,0.31,642,0.0,0,0,0,2.56,5,0.0,2025-12-12T12:20:00+00:00,0.0,0.0,0.0,
1765542300,0.0,0.0,0.0,0,15,1018.5,10.5,91,87149,0.36,726,0.0,0,0,0,2.55,5,0.0,2025-12-12T12:25:00+00:00,0.0,0.0,0.0,
1765542600,0.0,0.0,0.0,0,15,1018.5,10.6,91,101822,0.42,849,0.0,0,0,0,2.56,5,0.0,2025-12-12T12:30:00+00:00,0.0,0.0,0.0,
1765542900,0.0,0.0,0.0,0,15,1018.6,10.8,91,158749,0.65,1323,0.0,0,0,0,2.56,5,0.0,2025-12-12T12:35:00+00:00,0.0,0.0,0.0,
1765543200,0.0,0.0,0.0,0,15,1018.7,11.1,90,152516,0.63,1271,0.0,0,0,0,2.56,5,0.0,2025-12-12T12:40:00+00:00,0.0,0.0,0.0,
1765543500,0.0,0.1,0.7,324,15,1018.8,11.3,90,227790,0.94,1898,0.0,0,0,0,2.56,5,0.0,2025-12-12T12:45:00+00:00,0.0,0.22369362920544,1.5658554044380797,7.0
1765543800,0.0,0.2,0.7,336,15,1018.9,11.7,89,270218,1.12,2252,0.0,0,0,0,2.56,5,0.0,2025-12-12T12:50:00+00:00,0.0,0.44738725841088,1.5658554044380797,3.5
1765544100,0.0,0.0,0.3,341,15,1019.0,12.1,87,322185,1.33,2685,0.0,0,0,0,2.56,5,0.0,2025-12-12T12:55:00+00:00,0.0,0.0,0.6710808876163199,
1765544400,0.0,0.0,0.0,0,15,1019.0,12.5,86,361793,1.5,3015,0.0,0,0,0,2.57,5,0.0,2025-12-12T13:00:00+00:00,0.0,0.0,0.0,
1765544700,0.0,0.1,0.7,323,15,1019.2,13.0,85,393229,1.63,3277,0.0,0,0,0,2.57,5,0.0,2025-12-12T13:05:00+00:00,0.0,0.22369362920544,1.5658554044380797,7.0
1765545000,0.0,0.0,0.0,0,15,1019.2,13.4,84,434059,1.8,3617,0.0,0,0,0,2.57,5,0.0,2025-12-12T13:10:00+00:00,0.0,0.0,0.0,
1765545300,0.0,0.1,0.6,342,15,1019.2,13.8,82,474267,1.96,3952,0.0,0,0,0,2.57,5,0.0,2025-12-12T13:15:00+00:00,0.0,0.22369362920544,1.3421617752326398,6.0
1765545600,0.0,1.0,1.8,355,15,1019.3,14.3,79,514952,2.13,4291,0.0,0,0,0,2.58,5,0.0,2025-12-12T13:20:00+00:00,0.0,2.2369362920544,4.026485325697919,1.8
1765545900,0.0,0.6,1.2,344,15,1019.3,14.7,79,550894,2.28,4591,0.0,0,0,0,2.58,5,0.0,2025-12-12T13:25:00+00:00,0.0,1.3421617752326398,2.6843235504652796,2.0
1765546200,0.0,0.5,1.2,339,15,1019.4,15.2,76,538405,2.23,4487,0.0,0,0,0,2.58,5,0.0,2025-12-12T13:30:00+00:00,0.0,1.1184681460272,2.6843235504652796,2.4
1765546500,0.1,0.7,1.1,312,15,1019.6,15.6,76,594125,2.46,4951,0.0,0,0,0,2.58,5,0.0,2025-12-12T13:35:00+00:00,0.22369362920544,1.5658554044380797,2.46062992125984,1.57
1765546800,0.0,0.2,0.7,293,15,1019.6,15.9,76,467332,1.93,3894,0.0,0,0,0,2.58,5,0.0,2025-12-12T13:40:00+00:00,0.0,0.44738725841088,1.5658554044380797,3.5
1765547100,0.0,0.1,0.5,309,15,1019.6,16.2,74,647820,2.68,5398,0.0,0,0,0,2.58,5,0.0,2025-12-12T13:45:00+00:00,0.0,0.22369362920544,1.1184681460272,5.0
1765547400,0.0,0.2,0.6,305,15,1019.7,16.5,74,751825,3.11,6265,0.0,0,0,0,2.58,5,0.0,2025-12-12T13:50:00+00:00,0.0,0.44738725841088,1.3421617752326398,3.0
1765547700,0.0,0.4,0.8,306,15,1019.7,16.8,72,812304,3.37,6769,0.0,0,0,0,2.59,5,0.0,2025-12-12T13:55:00+00:00,0.0,0.89477451682176,1.78954903364352,2.0
1765548000,0.1,0.6,0.8,302,15,1019.8,17.1,72,814661,3.38,6789,0.0,0,0,0,2.59,5,0.0,2025-12-12T14:00:00+00:00,0.22369362920544,1.3421617752326398,1.78954903364352,1.33
1765548300,0.0,0.8,1.2,302,15,1019.7,17.4,70,870251,3.61,7252,0.0,0,0,0,2.6,5,0.0,2025-12-12T14:05:00+00:00,0.0,1.78954903364352,2.6843235504652796,1.5
1765548600,0.5,0.8,1.1,311,15,1019.7,17.7,69,777961,3.22,6483,0.0,0,0,0,2.6,5,0.0,2025-12-12T14:10:00+00:00,1.1184681460272,1.78954903364352,2.46062992125984,1.38
1765548900,0.4,0.9,1.7,350,15,1019.7,18.1,67,798860,3.31,6657,0.0,0,0,0,2.6,5,0.0,2025-12-12T14:15:00+00:00,0.89477451682176,2.0132426628489597,3.8027916964924797,1.89
1765549200,0.0,0.3,0.8,345,15,1019.6,18.5,67,896922,3.72,7474,0.0,0,0,0,2.61,5,0.0,2025-12-12T14:20:00+00:00,0.0,0.6710808876163199,1.78954903364352,2.67
1765549500,0.0,0.7,1.2,340,15,1019.6,18.9,65,1022434,4.24,8520,0.0,0,0,0,2.61,5,0.0,2025-12-12T14:25:00+00:00,0.0,1.5658554044380797,2.6843235504652796,1.71
1765549800,0.5,1.0,1.5,338,15,1019.6,19.2,64,1103942,4.58,9200,0.0,0,0,0,2.62,5,0.0,2025-12-12T14:30:00+00:00,1.1184681460272,2.2369362920544,3.3554044380815995,1.5
1765550100,0.2,1.0,1.4,323,15,1019.6,19.5,63,876536,3.63,7304,0.0,0,0,0,2.62,5,0.0,2025-12-12T14:35:00+00:00,0.44738725841088,2.2369362920544,3.1317108088761594,1.4
1765550400,0.4,0.8,1.2,314,15,1019.6,19.6,63,1110907,4.6,9258,0.0,0,0,0,2.63,5,0.0,2025-12-12T14:40:00+00:00,0.89477451682176,1.78954903364352,2.6843235504652796,1.5
1765550700,0.3,1.2,1.9,306,15,1019.6,19.9,61,1230779,5.1,10256,0.0,0,0,0,2.64,5,0.0,2025-12-12T14:45:00+00:00,0.6710808876163199,2.6843235504652796,4.250178954903359,1.58
1765551000,0.0,1.1,1.6,307,15,1019.6,20.2,62,1265377,5.25,10545,0.0,0,0,0,2.65,5,0.0,2025-12-12T14:50:00+00:00,0.0,2.46062992125984,3.57909806728704,1.45
1765551300,0.0,0.9,1.8,318,3,1019.7,20.5,60,1209671,5.01,10081,0.0,0,0,0,2.67,5,0.0,2025-12-12T14:55:00+00:00,0.0,2.0132426628489597,4.026485325697919,2.0
1765551600,0.0,0.9,1.9,316,3,1019.7,20.8,60,1175014,4.87,9792,0.0,0,0,0,2.71,5,0.0,2025-12-12T15:00:00+00:00,0.0,2.0132426628489597,4.250178954903359,2.11
1765551900,0.0,0.8,1.6,299,3,1019.7,21.0,59,1345445,5.58,11212,0.0,0,0,0,2.78,5,0.0,2025-12-12T15:05:00+00:00,0.0,1.78954903364352,3.57909806728704,2.0
1765552200,0.1,1.3,2.8,28,3,1019.7,21.3,58,1389292,5.76,11577,0.0,0,0,0,2.78,5,0.0,2025-12-12T15:10:00+00:00,0.22369362920544,2.9080171796707197,6.263421617752319,2.15
1765552500,0.0,0.8,2.1,332,3,1019.8,21.6,56,1351161,5.6,11260,0.0,0,0,0,2.78,5,0.0,2025-12-12T15:15:00+00:00,0.0,1.78954903364352,4.69756621331424,2.62
1765552800,0.0,1.1,1.9,331,3,1019.7,21.8,55,1379534,5.72,11496,0.0,0,0,0,2.78,5,0.0,2025-12-12T15:20:00+00:00,0.0,2.46062992125984,4.250178954903359,1.73
1765553100,0.0,0.5,1.7,301,3,1019.7,22.1,55,1359099,5.63,11326,0.0,0,0,0,2.78,5,0.0,2025-12-12T15:25:00+00:00,0.0,1.1184681460272,3.8027916964924797,3.4
1765553400,0.0,0.9,2.2,323,3,1019.6,22.4,52,1428920,5.92,11908,0.0,0,0,0,2.78,5,0.0,2025-12-12T15:30:00+00:00,0.0,2.0132426628489597,4.92125984251968,2.44
1765553700,0.0,0.7,2.3,34,3,1019.5,22.7,51,1457303,6.04,12144,0.0,0,0,0,2.78,5,0.0,2025-12-12T15:35:00+00:00,0.0,1.5658554044380797,5.1449534717251195,3.29
1765554000,0.0,1.1,2.0,46,3,1019.5,22.6,51,1482393,6.15,12353,0.0,0,0,0,2.78,5,0.0,2025-12-12T15:40:00+00:00,0.0,2.46062992125984,4.4738725841088,1.82
1765554300,0.0,0.7,1.9,44,3,1019.5,22.7,52,1437749,5.96,11981,0.0,0,0,0,2.78,5,0.0,2025-12-12T15:45:00+00:00,0.0,1.5658554044380797,4.250178954903359,2.71
1765554600,0.0,0.8,1.4,91,3,1019.5,22.9,50,1646847,6.83,13724,0.0,0,0,0,2.78,5,0.0,2025-12-12T15:50:00+00:00,0.0,1.78954903364352,3.1317108088761594,1.75
1765554900,0.0,0.3,1.2,18,3,1019.3,23.4,49,1471239,6.1,12260,0.0,0,0,0,2.78,5,0.0,2025-12-12T15:55:00+00:00,0.0,0.6710808876163199,2.6843235504652796,4.0
1765555200,0.0,0.5,1.6,310,3,1019.2,23.7,50,1615892,6.7,13466,0.0,0,0,0,2.78,5,0.0,2025-12-12T16:00:00+00:00,0.0,1.1184681460272,3.57909806728704,3.2
1765555500,0.0,0.9,1.9,70,3,1019.2,23.7,48,1623909,6.73,13533,0.0,0,0,0,2.78,5,0.0,2025-12-12T16:05:00+00:00,0.0,2.0132426628489597,4.250178954903359,2.11
1765555800,0.0,1.0,2.0,51,3,1019.2,23.7,49,1582858,6.56,13190,0.0,0,0,0,2.78,5,0.0,2025-12-12T16:10:00+00:00,0.0,2.2369362920544,4.4738725841088,2.0
1765556100,0.0,1.2,2.1,5,3,1019.2,23.6,49,1442217,5.98,12018,0.0,0,0,0,2.78,5,0.0,2025-12-12T16:15:00+00:00,0.0,2.6843235504652796,4.69756621331424,1.75
1765556400,0.0,1.0,2.6,6,3,1019.2,23.6,50,1655415,6.86,13795,0.0,0,0,0,2.78,5,0.0,2025-12-12T16:20:00+00:00,0.0,2.2369362920544,5.816034359341439,2.6
1765556700,0.0,0.7,2.3,51,3,1019.2,23.6,50,1799341,7.46,14995,0.0,0,0,0,2.77,5,0.0,2025-12-12T16:25:00+00:00,0.0,1.5658554044380797,5.1449534717251195,3.29
1765557000,0.1,1.2,3.0,19,3,1019.1,23.7,50,1625492,6.74,13546,0.0,0,0,0,2.78,5,0.0,2025-12-12T16:30:00+00:00,0.22369362920544,2.6843235504652796,6.710808876163199,2.5
1765557300,0.2,1.4,2.6,79,3,1019.1,24.0,49,1734172,7.19,14451,0.0,0,0,0,2.78,5,0.0,2025-12-12T16:35:00+00:00,0.44738725841088,3.1317108088761594,5.816034359341439,1.86
1765557600,0.0,1.3,2.1,105,3,1019.1,24.1,51,1224342,5.07,10203,0.0,0,0,0,2.77,5,0.0,2025-12-12T16:40:00+00:00,0.0,2.9080171796707197,4.69756621331424,1.62
1765557900,0.0,1.0,2.2,123,3,1019.0,24.2,48,1782491,7.39,14854,0.0,0,0,0,2.78,5,0.0,2025-12-12T16:45:00+00:00,0.0,2.2369362920544,4.92125984251968,2.2
1765558200,0.0,0.8,2.3,140,3,1019.0,24.4,49,1818678,7.54,15156,0.0,0,0,0,2.78,5,0.0,2025-12-12T16:50:00+00:00,0.0,1.78954903364352,5.1449534717251195,2.87
1765558500,0.0,1.3,3.1,41,3,1018.9,24.5,49,1825264,7.57,15211,0.0,0,0,0,2.78,5,0.0,2025-12-12T16:55:00+00:00,0.0,2.9080171796707197,6.9345025053686395,2.38
1765558800,0.0,1.0,2.2,133,3,1018.8,24.7,49,1723644,7.15,14364,0.0,0,0,0,2.78,5,0.0,2025-12-12T17:00:00+00:00,0.0,2.2369362920544,4.92125984251968,2.2
1765559100,0.0,1.7,4.1,29,3,1018.8,24.7,50,1801678,7.47,15014,0.0,0,0,0,2.77,5,0.0,2025-12-12T17:05:00+00:00,0.0,3.8027916964924797,9.171438797423038,2.41
1765559400,0.0,1.7,3.2,94,3,1018.6,24.6,49,1866520,7.74,15554,0.0,0,0,0,2.78,5,0.0,2025-12-12T17:10:00+00:00,0.0,3.8027916964924797,7.15819613457408,1.88
1765559700,0.0,1.5,3.0,89,3,1018.6,24.6,48,1507820,6.25,12565,0.0,0,0,0,2.78,5,0.0,2025-12-12T17:15:00+00:00,0.0,3.3554044380815995,6.710808876163199,2.0
1765560000,0.0,0.9,2.5,231,3,1018.6,24.5,50,1493641,6.19,12447,0.0,0,0,0,2.78,5,0.0,2025-12-12T17:20:00+00:00,0.0,2.0132426628489597,5.592340730136,2.78
1765560300,0.0,1.4,3.5,143,3,1018.5,24.8,48,1869417,7.75,15578,0.0,0,0,0,2.78,5,0.0,2025-12-12T17:25:00+00:00,0.0,3.1317108088761594,7.829277022190399,2.5
1765560600,0.1,1.8,3.0,100,3,1018.4,24.7,48,1834690,7.61,15289,0.0,0,0,0,2.78,5,0.0,2025-12-12T17:30:00+00:00,0.22369362920544,4.026485325697919,6.710808876163199,1.67
1765560900,0.0,1.2,3.0,7,3,1018.3,24.6,48,1816420,7.53,15137,0.0,0,0,0,2.78,5,0.0,2025-12-12T17:35:00+00:00,0.0,2.6843235504652796,6.710808876163199,2.5
1765561200,0.0,1.1,2.8,78,3,1018.2,24.7,49,1591728,6.6,13264,0.0,0,0,0,2.78,5,0.0,2025-12-12T17:40:00+00:00,0.0,2.46062992125984,6.263421617752319,2.55
1765561500,0.3,1.7,2.6,44,3,1018.1,24.6,48,1758715,7.29,14656,0.0,0,0,0,2.78,5,0.0,2025-12-12T17:45:00+00:00,0.6710808876163199,3.8027916964924797,5.816034359341439,1.53
1765561800,0.1,1.8,3.6,86,3,1018.0,24.5,49,1743868,7.23,14532,0.0,0,0,0,2.78,5,0.0,2025-12-12T17:50:00+00:00,0.22369362920544,4.026485325697919,8.052970651395839,2.0
1765562100,0.0,0.6,1.4,171,3,1017.8,24.8,47,1673730,6.94,13948,0.0,0,0,0,2.78,5,0.0,2025-12-12T17:55:00+00:00,0.0,1.3421617752326398,3.1317108088761594,2.33
1765562400,0.0,1.1,3.4,94,3,1017.7,25.0,47,1716188,7.12,14302,0.0,0,0,0,2.78,5,0.0,2025-12-12T18:00:00+00:00,0.0,2.46062992125984,7.6055833929849594,3.09
1765562700,0.0,2.1,4.7,144,3,1017.6,25.1,47,1796170,7.45,14968,0.0,0,0,0,2.78,5,0.0,2025-12-12T18:05:00+00:00,0.0,4.69756621331424,10.51360057265568,2.24
1765563000,0.9,2.0,3.2,119,3,1017.6,25.0,47,1764215,7.31,14702,0.0,0,0,0,2.78,5,0.0,2025-12-12T18:10:00+00:00,2.0132426628489597,4.4738725841088,7.15819613457408,1.6
1765563300,0.0,1.3,3.0,93,3,1017.6,25.2,46,1438712,5.96,11989,0.0,0,0,0,2.78,5,0.0,2025-12-12T18:15:00+00:00,0.0,2.9080171796707197,6.710808876163199,2.31
1765563600,0.0,1.3,3.2,68,3,1017.6,25.2,47,1681217,6.97,14010,0.0,0,0,0,2.78,5,0.0,2025-12-12T18:20:00+00:00,0.0,2.9080171796707197,7.15819613457408,2.46
1765563900,0.0,1.5,2.9,125,3,1017.5,25.2,44,1452909,6.02,12108,0.0,0,0,0,2.77,5,0.0,2025-12-12T18:25:00+00:00,0.0,3.3554044380815995,6.487115246957759,1.93
1765564200,0.0,1.6,2.7,176,3,1017.5,25.1,43,895047,3.71,7459,0.0,0,0,0,2.78,5,0.0,2025-12-12T18:30:00+00:00,0.0,3.57909806728704,6.03972798854688,1.69
1765564500,0.0,1.5,2.8,167,3,1017.5,24.9,45,1627800,6.75,13565,0.0,0,0,0,2.78,5,0.0,2025-12-12T18:35:00+00:00,0.0,3.3554044380815995,6.263421617752319,1.87
1765564800,0.0,1.1,2.9,162,3,1017.5,25.1,45,1156249,4.79,9635,0.0,0,0,0,2.78,5,0.0,2025-12-12T18:40:00+00:00,0.0,2.46062992125984,6.487115246957759,2.64
1765565100,0.0,0.9,3.0,136,3,1017.5,25.5,45,1572857,6.52,13107,0.0,0,0,0,2.78,5,0.0,2025-12-12T18:45:00+00:00,0.0,2.0132426628489597,6.710808876163199,3.33
1765565400,0.0,1.3,3.8,149,3,1017.4,25.7,45,1316073,5.46,10967,0.0,0,0,0,2.78,5,0.0,2025-12-12T18:50:00+00:00,0.0,2.9080171796707197,8.500357909806718,2.92
1765565700,0.0,1.3,2.7,171,3,1017.3,25.4,46,1329099,5.51,11076,0.0,0,0,0,2.78,5,0.0,2025-12-12T18:55:00+00:00,0.0,2.9080171796707197,6.03972798854688,2.08
1765566000,0.0,0.8,1.6,101,3,1017.3,25.6,47,1548835,6.42,12907,0.0,0,0,0,2.78,5,0.0,2025-12-12T19:00:00+00:00,0.0,1.78954903364352,3.57909806728704,2.0
1765566300,0.0,0.8,2.3,108,3,1017.3,25.8,45,1515693,6.28,12631,0.0,0,0,0,2.78,5,0.0,2025-12-12T19:05:00+00:00,0.0,1.78954903364352,5.1449534717251195,2.87
1765566600,0.1,1.7,3.1,102,3,1017.3,25.5,46,1446845,6.0,12057,0.0,0,0,0,2.78,5,0.0,2025-12-12T19:10:00+00:00,0.22369362920544,3.8027916964924797,6.9345025053686395,1.82
1765566900,0.0,1.3,2.8,118,3,1017.2,25.6,47,1487857,6.17,12399,0.0,0,0,0,2.77,5,0.0,2025-12-12T19:15:00+00:00,0.0,2.9080171796707197,6.263421617752319,2.15
1765567200,0.0,1.6,2.5,63,3,1017.3,25.5,44,1215605,5.04,10130,0.0,0,0,0,2.78,5,0.0,2025-12-12T19:20:00+00:00,0.0,3.57909806728704,5.592340730136,1.56
1765567500,0.1,1.4,2.9,80,3,1017.3,25.5,44,1225484,5.08,10212,0.0,0,0,0,2.78,5,0.0,2025-12-12T19:25:00+00:00,0.22369362920544,3.1317108088761594,6.487115246957759,2.07
1765567800,0.0,1.0,2.7,123,3,1017.3,25.6,45,1300201,5.39,10835,0.0,0,0,0,2.78,5,0.0,2025-12-12T19:30:00+00:00,0.0,2.2369362920544,6.03972798854688,2.7
1765568100,0.0,1.9,3.6,114,3,1017.3,25.7,44,1281517,5.31,10679,0.0,0,0,0,2.78,5,0.0,2025-12-12T19:35:00+00:00,0.0,4.250178954903359,8.052970651395839,1.89
1765568400,0.0,1.9,3.7,122,3,1017.3,25.5,43,1238629,5.13,10322,0.0,0,0,0,2.77,5,0.0,2025-12-12T19:40:00+00:00,0.0,4.250178954903359,8.27666428060128,1.95
1765568700,0.0,1.3,3.0,69,3,1017.3,25.5,43,1199784,4.97,9998,0.0,0,0,0,2.78,5,0.0,2025-12-12T19:45:00+00:00,0.0,2.9080171796707197,6.710808876163199,2.31
1765569000,0.1,1.2,2.8,58,3,1017.2,25.4,43,1167747,4.84,9731,0.0,0,0,0,2.78,5,0.0,2025-12-12T19:50:00+00:00,0.22369362920544,2.6843235504652796,6.263421617752319,2.33
1765569300,0.0,1.2,2.5,90,3,1017.3,25.6,42,1126857,4.67,9390,0.0,0,0,0,2.78,5,0.0,2025-12-12T19:55:00+00:00,0.0,2.6843235504652796,5.592340730136,2.08
1765569600,0.0,1.4,2.6,137,3,1017.3,25.8,41,1060916,4.4,8841,0.0,0,0,0,2.78,5,0.0,2025-12-12T20:00:00+00:00,0.0,3.1317108088761594,5.816034359341439,1.86
1765569900,0.1,1.7,3.9,111,3,1017.4,25.8,41,1039037,4.31,8659,0.0,0,0,0,2.78,5,0.0,2025-12-12T20:05:00+00:00,0.22369362920544,3.8027916964924797,8.724051539012159,2.29
1765570200,0.0,1.4,3.3,99,3,1017.4,25.7,42,975961,4.04,8133,0.0,0,0,0,2.78,5,0.0,2025-12-12T20:10:00+00:00,0.0,3.1317108088761594,7.381889763779519,2.36
1765570500,0.2,1.5,3.2,102,3,1017.3,25.6,43,866152,3.59,7218,0.0,0,0,0,2.78,5,0.0,2025-12-12T20:15:00+00:00,0.44738725841088,3.3554044380815995,7.15819613457408,2.13
1765570800,0.0,1.4,3.2,67,3,1017.2,25.5,43,914916,3.79,7624,0.0,0,0,0,2.78,5,0.0,2025-12-12T20:20:00+00:00,0.0,3.1317108088761594,7.15819613457408,2.29
1765571100,0.0,1.2,2.9,73,3,1017.2,25.4,43,909398,3.77,7578,0.0,0,0,0,2.78,5,0.0,2025-12-12T20:25:00+00:00,0.0,2.6843235504652796,6.487115246957759,2.42
1765571400,0.1,1.9,4.2,62,3,1017.2,25.4,44,868028,3.6,7234,0.0,0,0,0,2.78,5,0.0,2025-12-12T20:30:00+00:00,0.22369362920544,4.250178954903359,9.39513242662848,2.21
1765571700,0.0,1.1,2.4,56,3,1017.2,25.4,43,600901,2.49,5008,0.0,0,0,0,2.78,5,0.0,2025-12-12T20:35:00+00:00,0.0,2.46062992125984,5.368647100930559,2.18
1765572000,0.9,1.7,3.1,47,3,1017.2,25.1,44,629527,2.61,5246,0.0,0,0,0,2.78,5,0.0,2025-12-12T20:40:00+00:00,2.0132426628489597,3.8027916964924797,6.9345025053686395,1.82
1765572300,0.0,1.4,3.1,35,3,1017.2,24.9,44,633785,2.62,5282,0.0,0,0,0,2.78,5,0.0,2025-12-12T20:45:00+00:00,0.0,3.1317108088761594,6.9345025053686395,2.21
1765572600,0.1,1.5,2.5,60,3,1017.2,24.7,44,477824,1.98,3982,0.0,0,0,0,2.78,5,0.0,2025-12-12T20:50:00+00:00,0.22369362920544,3.3554044380815995,5.592340730136,1.67
1765572900,0.0,1.7,3.1,77,3,1017.4,24.4,45,417637,1.73,3480,0.0,0,0,0,2.78,5,0.0,2025-12-12T20:55:00+00:00,0.0,3.8027916964924797,6.9345025053686395,1.82
